driver_id,stint,lap_start,lap_end,compound,tyre_age
alexander-albon,1,1,17,MEDIUM,0
alexander-albon,2,18,53,HARD,0
carlos-sainz-jr,1,1,19,MEDIUM,0
carlos-sainz-jr,2,20,53,HARD,0
charles-leclerc,1,1,15,MEDIUM,0
charles-leclerc,2,16,53,HARD,0
daniel-ricciardo,1,1,11,MEDIUM,0
daniel-ricciardo,2,12,53,HARD,1
esteban-ocon,1,1,31,HARD,0
esteban-ocon,2,32,52,MEDIUM,0
fernando-alonso,1,1,12,MEDIUM,1
fernando-alonso,2,13,35,HARD,1
fernando-alonso,3,36,53,HARD,2
franco-colapinto,1,1,16,MEDIUM,0
franco-colapinto,2,17,53,HARD,0
george-russell,1,1,11,MEDIUM,0
george-russell,2,12,33,HARD,0
george-russell,3,34,53,HARD,0
guanyu-zhou,1,1,15,MEDIUM,1
guanyu-zhou,2,16,52,HARD,1
kevin-magnussen,1,1,14,MEDIUM,0
kevin-magnussen,2,15,53,HARD,0
lance-stroll,1,1,19,HARD,1
lance-stroll,2,20,36,HARD,1
lance-stroll,3,37,50,MEDIUM,1
lance-stroll,4,51,52,SOFT,0
lando-norris,1,1,14,MEDIUM,0
lando-norris,2,15,32,HARD,0
lando-norris,3,33,53,HARD,0
lewis-hamilton,1,1,15,MEDIUM,0
lewis-hamilton,2,16,37,HARD,0
lewis-hamilton,3,38,53,HARD,0
max-verstappen,1,1,22,HARD,0
max-verstappen,2,23,41,HARD,0
max-verstappen,3,42,53,MEDIUM,0
nico-hulkenberg,1,1,5,MEDIUM,0
nico-hulkenberg,2,6,32,HARD,0
nico-hulkenberg,3,33,52,HARD,0
oscar-piastri,1,1,16,MEDIUM,0
oscar-piastri,2,17,38,HARD,0
oscar-piastri,3,39,53,HARD,0
pierre-gasly,1,1,10,MEDIUM,0
pierre-gasly,2,11,30,HARD,0
pierre-gasly,3,31,52,HARD,0
sergio-perez,1,1,23,HARD,0
sergio-perez,2,24,35,HARD,0
sergio-perez,3,36,53,MEDIUM,0
valtteri-bottas,1,1,33,HARD,1
valtteri-bottas,2,34,52,MEDIUM,1
yuki-tsunoda,1,1,7,HARD,1
